"Carimbo de data/hora","Qual função você exerce?","1.1 - Há quantos anos você leciona na Escola Estadual Doutor José Augusto? ","1.2 - Quais segmentos você leciona atualmente?","1.3 - Em uma escala de muito baixo a muito alto, qual seu nível de conforto geral com o uso de tecnologias digitais?","1.4 - Para quantas TURMAS diferentes você leciona neste ano letivo?","1.5 - Ao todo, quantos ""PLANOS DE AULA/CRONOGRAMA DE AULA"" (Conjunto de planejamentos de uma disciplina em um bimestre) você é responsável por desempenhar?","1.6 - Você também leciona em outra(s) escola(s) além da E.E. Doutor José Augusto?  Se sim, qual é o principal método de gestão acadêmica utilizado?","2.1 - O método era rápido para registrar planejamentos de aula [Manual]","2.1 - O método era rápido para registrar planejamentos de aula [Planilha]","2.1 - O método era rápido para registrar planejamentos de aula [PlanningApp]","2.2 - Acessar os registros fora do ambiente escolar era uma tarefa simples.   [Manual]","2.2 - Acessar os registros fora do ambiente escolar era uma tarefa simples.   [Planilha]","2.2 - Acessar os registros fora do ambiente escolar era uma tarefa simples.   [PlanningApp]","2.3 - Era fácil encontrar informações de planejamentos passados.   [Manual]","2.3 - Era fácil encontrar informações de planejamentos passados.   [Planilha]","2.3 - Era fácil encontrar informações de planejamentos passados.   [PlanningApp]","2.4 - A necessidade de retrabalho (corrigir erros, refazer lançamentos) era baixa.   [Manual]","2.4 - A necessidade de retrabalho (corrigir erros, refazer lançamentos) era baixa.   [Planilha]","2.4 - A necessidade de retrabalho (corrigir erros, refazer lançamentos) era baixa.   [PlanningApp]","2.5 - O tempo total gasto com tarefas administrativas era razoável.   [Manual]","2.5 - O tempo total gasto com tarefas administrativas era razoável.   [Planilha]","2.5 - O tempo total gasto com tarefas administrativas era razoável.   [PlanningApp]","2.6 - No método MANUAL (papel), qual era o tempo médio estimado que você gastava para elaborar o planejamento de UMA aula? ","2.7 - No método com PLANILHAS online, qual era o tempo médio estimado que você gastava para elaborar o planejamento de UMA aula?","3.1 - O método era fácil de aprender e usar.   [Manual]","3.1 - O método era fácil de aprender e usar.   [Planilha]","3.1 - O método era fácil de aprender e usar.   [PlanningApp]","3.2 - As informações estavam organizadas de forma clara e intuitiva.   [Manual]","3.2 - As informações estavam organizadas de forma clara e intuitiva.   [Planilha]","3.2 - As informações estavam organizadas de forma clara e intuitiva.   [PlanningApp]","3.3 - O método ajudava a prevenir erros comuns no planejamento. [Manual]","3.3 - O método ajudava a prevenir erros comuns no planejamento. [Planilha]","3.3 - O método ajudava a prevenir erros comuns no planejamento. [PlanningApp]","3.4 - Eu me sentia seguro(a) de que os registros não seriam perdidos. [Manual]","3.4 - Eu me sentia seguro(a) de que os registros não seriam perdidos. [Planilha]","3.4 - Eu me sentia seguro(a) de que os registros não seriam perdidos. [PlanningApp]","3.5 - Era fácil obter ajuda ou suporte em caso de dúvidas sobre o uso. [Manual]","3.5 - Era fácil obter ajuda ou suporte em caso de dúvidas sobre o uso. [Planilha]","3.5 - Era fácil obter ajuda ou suporte em caso de dúvidas sobre o uso. [PlanningApp]","3.6 - Minha satisfação geral com o método era alta. [Manual]","3.6 - Minha satisfação geral com o método era alta. [Planilha]","3.6 - Minha satisfação geral com o método era alta. [PlanningApp]","4.1 - O método facilitava o alinhamento do planejamento com a BNCC (Base Nacional Comum Curricular), CRMG (Currículo Referência de Minas Gerais), ENADE (Exame Nacional de Desempenho de Estudantes) e o SAEB (Sistema de Avaliação da Educação Básica). [Manual]","4.1 - O método facilitava o alinhamento do planejamento com a BNCC (Base Nacional Comum Curricular), CRMG (Currículo Referência de Minas Gerais), ENADE (Exame Nacional de Desempenho de Estudantes) e o SAEB (Sistema de Avaliação da Educação Básica). [Planilha]","4.1 - O método facilitava o alinhamento do planejamento com a BNCC (Base Nacional Comum Curricular), CRMG (Currículo Referência de Minas Gerais), ENADE (Exame Nacional de Desempenho de Estudantes) e o SAEB (Sistema de Avaliação da Educação Básica). [PlanningApp]","4.2 - A ferramenta me dava uma visão clara do progresso do planejamento disciplinar ao longo do ano. [Manual]","4.2 - A ferramenta me dava uma visão clara do progresso do planejamento disciplinar ao longo do ano. [Planilha]","4.2 - A ferramenta me dava uma visão clara do progresso do planejamento disciplinar ao longo do ano. [PlanningApp]","4.3 - O método facilitava a colaboração e o compartilhamento de planos com outros professores. [Manual]","4.3 - O método facilitava a colaboração e o compartilhamento de planos com outros professores. [Planilha]","4.3 - O método facilitava a colaboração e o compartilhamento de planos com outros professores. [PlanningApp]","4.4 - A comunicação com a coordenação pedagógica era eficiente.   [Manual]","4.4 - A comunicação com a coordenação pedagógica era eficiente.   [Planilha]","4.4 - A comunicação com a coordenação pedagógica era eficiente.   [PlanningApp]","5.1 - O método contribuía para reduzir meu nível de estresse com tarefas burocráticas.   [Manual]","5.1 - O método contribuía para reduzir meu nível de estresse com tarefas burocráticas.   [Planilha]","5.1 - O método contribuía para reduzir meu nível de estresse com tarefas burocráticas.   [PlanningApp]","5.2 - O uso da ferramenta frequentemente me causava frustração (tecnoestresse).   [Manual]","5.2 - O uso da ferramenta frequentemente me causava frustração (tecnoestresse).   [Planilha]","5.2 - O uso da ferramenta frequentemente me causava frustração (tecnoestresse).   [PlanningApp]","5.3 - Eu sentia que tinha controle e autonomia sobre meus planejamentos.   [Manual]","5.3 - Eu sentia que tinha controle e autonomia sobre meus planejamentos.   [Planilha]","5.3 - Eu sentia que tinha controle e autonomia sobre meus planejamentos.   [PlanningApp]","5.4 - O método passava uma imagem de maior profissionalismo e organização do meu trabalho.   [Manual]","5.4 - O método passava uma imagem de maior profissionalismo e organização do meu trabalho.   [Planilha]","5.4 - O método passava uma imagem de maior profissionalismo e organização do meu trabalho.   [PlanningApp]","5.5 - O método liberava meu tempo para focar em atividades mais estratégicas.   [Manual]","5.5 - O método liberava meu tempo para focar em atividades mais estratégicas.   [Planilha]","5.5 - O método liberava meu tempo para focar em atividades mais estratégicas.   [PlanningApp]","6.1 - Por favor, descreva uma situação ou tarefa específica que o novo Sistema de Planejamento tornou muito mais simples de realizar em comparação com os métodos anteriores.  ","6.2 - Pensando no impacto final do nosso trabalho, você acredita que a organização proporcionada pelo Sistema de Planejamento pode, de alguma forma, beneficiar os alunos indiretamente? Se sim, como?  ","6.3 - Se você pudesse definir em uma única palavra ou expressão o sentimento ao usar o método manual, qual seria?","6.4 - Se você pudesse definir em uma única palavra ou expressão o sentimento ao usar o método de Planilhas, qual seria?","6.5 - Se você pudesse definir em uma única palavra ou expressão o sentimento ao usar o método de Sistema de Planejamento Online, qual seria?","6.6 - Você tem alguma sugestão de melhoria para o módulo de professor do sistema de planejamento? (Ex: novos relatórios, dashboards, notificações, etc.). ","6.7 - Pensando nas funcionalidades pedagógicas (criação de planejamentos, gestão de turmas etc.), quais foram os principais benefícios ou desafios encontrados no novo  sistema de planejamento?","1.1 - Qual sua principal função na equipe gestora?","1.2 - Há quantos anos você atua em cargos de gestão ou supervisão nesta escola?  ","1.3 - Sua rotina de trabalho envolve ou envolveu o uso de outras plataformas ou sistemas de gestão em outras instituições?  ","2.1 - Era fácil ter uma visão geral e centralizada do status dos planejamentos de todos os professores.   [Manual]","2.1 - Era fácil ter uma visão geral e centralizada do status dos planejamentos de todos os professores.   [Planilha]","2.1 - Era fácil ter uma visão geral e centralizada do status dos planejamentos de todos os professores.   [PlanningApp]","2.2 - O processo de fornecer feedback (avaliacão) aos professores era ágil e bem documentado.   [Manual]","2.2 - O processo de fornecer feedback (avaliacão) aos professores era ágil e bem documentado.   [Planilha]","2.2 - O processo de fornecer feedback (avaliacão) aos professores era ágil e bem documentado.   [PlanningApp]","2.3 - Identificar planejamentos pendentes ou que precisavam de revisão era uma tarefa rápida.   [Manual]","2.3 - Identificar planejamentos pendentes ou que precisavam de revisão era uma tarefa rápida.   [Planilha]","2.3 - Identificar planejamentos pendentes ou que precisavam de revisão era uma tarefa rápida.   [PlanningApp]","2.4 - Verificar o alinhamento dos planejamentos com a BNCC , CRMG, ENADE, SAEB e outras diretrizes era um processo simples. [Manual]","2.4 - Verificar o alinhamento dos planejamentos com a BNCC , CRMG, ENADE, SAEB e outras diretrizes era um processo simples. [Planilha]","2.4 - Verificar o alinhamento dos planejamentos com a BNCC , CRMG, ENADE, SAEB e outras diretrizes era um processo simples. [PlanningApp]","2.5 - O tempo gasto em tarefas operacionais de supervisão (procurar arquivos, controlar versões) era baixo.   [Manual]","2.5 - O tempo gasto em tarefas operacionais de supervisão (procurar arquivos, controlar versões) era baixo.   [Planilha]","2.5 - O tempo gasto em tarefas operacionais de supervisão (procurar arquivos, controlar versões) era baixo.   [PlanningApp]","3.1 - O método era fácil de aprender e usar.   [Manual]","3.1 - O método era fácil de aprender e usar.   [Planilha]","3.1 - O método era fácil de aprender e usar.   [PlanningApp]","3.2 - As informações estavam organizadas de forma clara e intuitiva.   [Manual]","3.2 - As informações estavam organizadas de forma clara e intuitiva.   [Planilha]","3.2 - As informações estavam organizadas de forma clara e intuitiva.   [PlanningApp]","3.3 - O método ajudava a prevenir erros comuns no planejamento. [Manual]","3.3 - O método ajudava a prevenir erros comuns no planejamento. [Planilha]","3.3 - O método ajudava a prevenir erros comuns no planejamento. [PlanningApp]","3.4 - Eu me sentia seguro(a) de que os registros não seriam perdidos. [Manual]","3.4 - Eu me sentia seguro(a) de que os registros não seriam perdidos. [Planilha]","3.4 - Eu me sentia seguro(a) de que os registros não seriam perdidos. [PlanningApp]","3.5 - Era fácil obter ajuda ou suporte em caso de dúvidas sobre o uso. [Manual]","3.5 - Era fácil obter ajuda ou suporte em caso de dúvidas sobre o uso. [Planilha]","3.5 - Era fácil obter ajuda ou suporte em caso de dúvidas sobre o uso. [PlanningApp]","3.7 - Minha satisfação geral com o método era alta. [Manual]","3.7 - Minha satisfação geral com o método era alta. [Planilha]","3.7 - Minha satisfação geral com o método era alta. [PlanningApp]","4.1 - O processo de configurar a estrutura do ano letivo (turmas, disciplinas) era organizado.   [Manual]","4.1 - O processo de configurar a estrutura do ano letivo (turmas, disciplinas) era organizado.   [Planilha]","4.1 - O processo de configurar a estrutura do ano letivo (turmas, disciplinas) era organizado.   [PlanningApp]","4.2 - Gerenciar os professores era uma tarefa simples.   [Manual]","4.2 - Gerenciar os professores era uma tarefa simples.   [Planilha]","4.2 - Gerenciar os professores era uma tarefa simples.   [PlanningApp]","4.3 - Eu tinha confiança na segurança e na integridade dos registros sob minha responsabilidade.   [Manual]","4.3 - Eu tinha confiança na segurança e na integridade dos registros sob minha responsabilidade.   [Planilha]","4.3 - Eu tinha confiança na segurança e na integridade dos registros sob minha responsabilidade.   [PlanningApp]","5.1 - O metodo permitia extrair registros consolidados para apoiar a tomada de decisões pedagógicas.   [Manual]","5.1 - O metodo permitia extrair registros consolidados para apoiar a tomada de decisões pedagógicas.   [Planilha]","5.1 - O metodo permitia extrair registros consolidados para apoiar a tomada de decisões pedagógicas.   [PlanningApp]","5.2 - O método otimizava a comunicação e a transparência entre a equipe gestora e o corpo docente.   [Manual]","5.2 - O método otimizava a comunicação e a transparência entre a equipe gestora e o corpo docente.   [Planilha]","5.2 - O método otimizava a comunicação e a transparência entre a equipe gestora e o corpo docente.   [PlanningApp]","6.1 - O método contribuía para reduzir meu nível de estresse com tarefas burocráticas.   [Manual]","6.1 - O método contribuía para reduzir meu nível de estresse com tarefas burocráticas.   [Planilha]","6.1 - O método contribuía para reduzir meu nível de estresse com tarefas burocráticas.   [PlanningApp]","6.2 - O uso da ferramenta frequentemente me causava frustração (tecnoestresse).   [Manual]","6.2 - O uso da ferramenta frequentemente me causava frustração (tecnoestresse).   [Planilha]","6.2 - O uso da ferramenta frequentemente me causava frustração (tecnoestresse).   [PlanningApp]","6.3 - Eu sentia que tinha controle e autonomia sobre meus planejamentos.   [Manual]","6.3 - Eu sentia que tinha controle e autonomia sobre meus planejamentos.   [Planilha]","6.3 - Eu sentia que tinha controle e autonomia sobre meus planejamentos.   [PlanningApp]","6.4 - O método passava uma imagem de maior profissionalismo e organização do meu trabalho.   [Manual]","6.4 - O método passava uma imagem de maior profissionalismo e organização do meu trabalho.   [Planilha]","6.4 - O método passava uma imagem de maior profissionalismo e organização do meu trabalho.   [PlanningApp]","6.5 - O método liberava meu tempo para focar em atividades mais estratégicas.   [Manual]","6.5 - O método liberava meu tempo para focar em atividades mais estratégicas.   [Planilha]","6.5 - O método liberava meu tempo para focar em atividades mais estratégicas.   [PlanningApp]","7.1 - Do ponto de vista da supervisão, qual era o maior ""gargalo"" ou dificuldade no processo de supervisão e acompanhamento dos planejamentos durante a fase das planilhas online?  ","7.2 - Qual foi o impacto mais significativo (positivo ou negativo) que o novo sistema de planejamento trouxe para a sua rotina de trabalho como gestor(a)?  ","7.3 - Como o novo sistema de planejamento alterou a dinâmica de feedback (avaliação) e comunicação entre você e os professores sobre os planejamentos?  ","7.4 - Pensando nas funcionalidades administrativas (criação de turmas, gestão de usuários, etc.), quais foram os principais benefícios ou desafios encontrados no novo  sistema de planejamento ?  ","7.5 - Você tem alguma sugestão de melhoria para o módulo de supervisão/administração do sistema de planejamento? (Ex: novos relatórios, dashboards, notificações, etc.).  "
"2025/09/29 11:59:57 AM GMT-3","Professor","Mais de 10 anos","Ambos","Médio","4 a 6 turmas","1 a 4 diários","Não leciono em outro lugar","Discordo totalmente","Concordo parcialmente","Concordo totalmente","Discordo totalmente","Concordo parcialmente","Concordo totalmente","Concordo parcialmente","Concordo parcialmente","Concordo parcialmente","Concordo totalmente","Concordo totalmente","Concordo totalmente","Discordo totalmente","Concordo parcialmente","Concordo parcialmente","","","Discordo parcialmente","Discordo totalmente","Discordo parcialmente","Discordo parcialmente","Discordo parcialmente","Discordo parcialmente","Discordo totalmente","Concordo parcialmente","Concordo parcialmente","Discordo totalmente","Discordo totalmente","Concordo parcialmente","Discordo totalmente","Concordo parcialmente","Concordo parcialmente","Discordo parcialmente","Concordo parcialmente","Concordo totalmente","Discordo totalmente","Concordo parcialmente","Concordo parcialmente","Discordo totalmente","Concordo totalmente","Concordo parcialmente","Discordo totalmente","Concordo totalmente","Concordo parcialmente","Concordo parcialmente","Neutro/Indiferente","Neutro/Indiferente","Discordo totalmente","Concordo parcialmente","Concordo parcialmente","Discordo parcialmente","Concordo parcialmente","Concordo parcialmente","Discordo parcialmente","Concordo parcialmente","Concordo parcialmente","Discordo totalmente","Concordo totalmente","Concordo parcialmente","Discordo totalmente","Concordo totalmente","Concordo totalmente","","","","","","","","","","","","","","","","","","","","","","","","","","","","","","","","","","","","","","","","","","","","","","","","","","","","","","","","","","","","","","","","","","","","","","","","","","","","","",""
"2025/09/29 12:26:11 PM GMT-3","Professor","Mais de 10 anos","Ambos","Alto","1 a 3 turmas","1 a 4 diários","Não há um software, os planejamentos são feitos em uma planilha do Google ou similar.","Discordo totalmente","Concordo totalmente","Discordo parcialmente","Discordo totalmente","Concordo totalmente","Discordo totalmente","Discordo totalmente","Concordo totalmente","Discordo totalmente","Discordo totalmente","Concordo totalmente","Discordo totalmente","Discordo totalmente","Concordo totalmente","Discordo totalmente","","","Discordo totalmente","Concordo totalmente","Discordo totalmente","Discordo totalmente","Concordo totalmente","Discordo totalmente","Discordo totalmente","Concordo totalmente","Discordo totalmente","Discordo totalmente","Concordo totalmente","Discordo totalmente","Discordo totalmente","Concordo totalmente","Discordo totalmente","Discordo totalmente","Concordo totalmente","Discordo totalmente","Discordo totalmente","Concordo totalmente","Discordo totalmente","Discordo totalmente","Concordo totalmente","Discordo totalmente","Discordo totalmente","Concordo totalmente","Discordo totalmente","Discordo totalmente","Concordo totalmente","Discordo totalmente","Discordo totalmente","Concordo totalmente","Discordo totalmente","Concordo totalmente","Discordo totalmente","Concordo totalmente","Discordo totalmente","Concordo totalmente","Discordo totalmente","Discordo totalmente","Concordo totalmente","Discordo totalmente","Discordo totalmente","Concordo totalmente","Discordo totalmente","Não precisa ser manuscrito.","Sim, as aulas bem planejadas contribuem para o aproveitamento do tempo.","Insatisfação.","Realização.","Insatisfação","","","","","","","","","","","","","","","","","","","","","","","","","","","","","","","","","","","","","","","","","","","","","","","","","","","","","","","","","","","","","","","","","","","","","","","","",""
"2025/09/29 1:02:08 PM GMT-3","Professor","Mais de 10 anos","Ensino Médio","Alto","7 a 9 turmas","1 a 4 diários","Não há um software, os planejamentos são feitos na mão","Discordo totalmente","Discordo totalmente","Concordo parcialmente","Concordo parcialmente","Discordo totalmente","Concordo parcialmente","Concordo totalmente","Discordo totalmente","Concordo totalmente","Concordo totalmente","Discordo totalmente","Concordo totalmente","Discordo totalmente","Discordo totalmente","Concordo parcialmente","","","Concordo totalmente","Discordo totalmente","Discordo parcialmente","Discordo parcialmente","Discordo totalmente","Concordo totalmente","Neutro/Indiferente","Discordo totalmente","Concordo parcialmente","Concordo totalmente","Discordo totalmente","Concordo totalmente","Discordo totalmente","Discordo totalmente","Concordo parcialmente","Discordo parcialmente","Discordo totalmente","Concordo parcialmente","Concordo parcialmente","Discordo totalmente","Concordo parcialmente","Discordo totalmente","Discordo totalmente","Concordo totalmente","Discordo totalmente","Discordo totalmente","Concordo totalmente","Discordo totalmente","Discordo totalmente","Concordo parcialmente","Discordo totalmente","Discordo totalmente","Discordo parcialmente","Concordo totalmente","Concordo totalmente","Discordo parcialmente","Discordo parcialmente","Discordo totalmente","Concordo totalmente","Concordo parcialmente","Discordo totalmente","Concordo parcialmente","Concordo parcialmente","Discordo totalmente","Concordo totalmente","A visão que posso ter dos planejamentos de meus colegas da minha área de atuação .Assim posso verificar se o alinhamento está acontecendo na prática da sala de aula.","Sim. O trabalho feito com uma sequência didática, apresenta um grau maior de aprendizagem. O aplicativo me permite visualizar as matérias aplicadas e em quais períodos foram aplicadas.","Ultrapassado.","Odiou. ","Possibilidades. ","","","","","","","","","","","","","","","","","","","","","","","","","","","","","","","","","","","","","","","","","","","","","","","","","","","","","","","","","","","","","","","","","","","","","","","","",""
"2025/10/17 1:30:45 PM GMT-3","Professor","Mais de 10 anos","Ambos","Alto","4 a 6 turmas","1 a 4 diários","Não há um software, os planejamentos são feitos na mão","Discordo totalmente","Discordo totalmente","Concordo totalmente","Discordo totalmente","Discordo parcialmente","Concordo totalmente","Concordo parcialmente","Discordo parcialmente","Concordo totalmente","Concordo parcialmente","Concordo parcialmente","Concordo parcialmente","Discordo totalmente","Discordo totalmente","Concordo parcialmente","","","Concordo totalmente","Discordo parcialmente","Concordo totalmente","Concordo parcialmente","Discordo parcialmente","Concordo totalmente","Discordo parcialmente","Discordo parcialmente","Concordo totalmente","Concordo parcialmente","Discordo parcialmente","Concordo totalmente","Concordo parcialmente","Discordo parcialmente","Concordo totalmente","Concordo parcialmente","Discordo totalmente","Concordo totalmente","Discordo totalmente","Discordo totalmente","Concordo totalmente","Discordo parcialmente","Discordo parcialmente","Concordo totalmente","Discordo totalmente","Discordo totalmente","Concordo totalmente","Discordo parcialmente","Discordo parcialmente","Concordo totalmente","Discordo parcialmente","Discordo totalmente","Concordo totalmente","Discordo parcialmente","Discordo parcialmente","Concordo totalmente","Concordo parcialmente","Discordo totalmente","Concordo totalmente","Discordo parcialmente","Discordo parcialmente","Concordo totalmente","Discordo totalmente","Discordo totalmente","Concordo totalmente","Tornou-se simples avaliar o progresso do trabalho em sala de aula, comparando o que já foi trabalhado no app. Também tornou-se infinitamente mais fácil descrever as habilidades, metodologias, avaliações entre outros porque é possível copiar, colar e editar.","Certamente que sim. Ao se tornar mais rápido o processo de planejar aulas, há uma economia de tempo que permite ao professor primar pela qualidade do que planeja e até mesmo métodos mais eficientes de fazer com que a aula planejada aconteça de forma mais significativa para o aluno.","Trabalhoso","Exaustivo","Eficiente.","","","","","","","","","","","","","","","","","","","","","","","","","","","","","","","","","","","","","","","","","","","","","","","","","","","","","","","","","","","","","","","","","","","","","Não sou supervisora","Não trabalho como gestor administrativo.","Não sou supervisora.","Não sou supervisora ","Na hora da impressão as páginas me parecem um poucondesconfiguradas na margem que desejo imprimir."
"2025/10/17 1:33:21 PM GMT-3","Professor","Menos de 2 anos","Ensino Fundamental","Alto","1 a 3 turmas","1 a 4 diários","Não há um software, os planejamentos são feitos em uma planilha do Google ou similar.","Neutro/Indiferente","Neutro/Indiferente","Concordo parcialmente","Neutro/Indiferente","Concordo parcialmente","Concordo totalmente","Neutro/Indiferente","Discordo parcialmente","Concordo parcialmente","Neutro/Indiferente","Discordo parcialmente","Concordo parcialmente","Neutro/Indiferente","Concordo parcialmente","Concordo totalmente","","","Neutro/Indiferente","Concordo parcialmente","Concordo totalmente","Neutro/Indiferente","Concordo parcialmente","Concordo totalmente","Neutro/Indiferente","Discordo parcialmente","Concordo parcialmente","Neutro/Indiferente","Concordo parcialmente","Concordo totalmente","Neutro/Indiferente","Concordo parcialmente","Concordo totalmente","Neutro/Indiferente","Concordo parcialmente","Concordo parcialmente","Neutro/Indiferente","Discordo parcialmente","Concordo totalmente","Neutro/Indiferente","Concordo parcialmente","Concordo totalmente","Neutro/Indiferente","Discordo totalmente","Concordo totalmente","Neutro/Indiferente","Discordo parcialmente","Concordo parcialmente","Neutro/Indiferente","Discordo parcialmente","Concordo parcialmente","Neutro/Indiferente","Concordo parcialmente","Discordo parcialmente","Neutro/Indiferente","Discordo parcialmente","Concordo parcialmente","Neutro/Indiferente","Discordo parcialmente","Concordo parcialmente","Neutro/Indiferente","Discordo totalmente","Concordo parcialmente","Sou iniciante então não tenho uma posição do app.","!","Incerteza.","Insegurança ","Visão ampla e redução de tempo.","","","","","","","","","","","","","","","","","","","","","","","","","","","","","","","","","","","","","","","","","","","","","","","","","","","","","","","","","","","","","","","","","","","","",".",".",".",".","."
"2025/10/17 1:54:39 PM GMT-3","Professor","Mais de 10 anos","Ensino Médio","Médio","1 a 3 turmas","5 a 8 diários","Não leciono em outro lugar","Discordo parcialmente","Concordo totalmente","Concordo totalmente","Discordo parcialmente","Concordo totalmente","Concordo totalmente","Concordo totalmente","Concordo parcialmente","Concordo parcialmente","Concordo parcialmente","Concordo parcialmente","Concordo parcialmente","Discordo parcialmente","Discordo parcialmente","Discordo parcialmente","","","Concordo parcialmente","Concordo parcialmente","Concordo parcialmente","Concordo totalmente","Concordo totalmente","Concordo totalmente","Discordo parcialmente","Concordo totalmente","Concordo totalmente","Concordo totalmente","Concordo totalmente","Concordo totalmente","Concordo totalmente","Concordo totalmente","Concordo totalmente","Discordo parcialmente","Concordo totalmente","Concordo totalmente","Discordo parcialmente","Concordo totalmente","Concordo totalmente","Concordo parcialmente","Concordo totalmente","Concordo totalmente","Discordo parcialmente","Concordo totalmente","Concordo totalmente","Discordo parcialmente","Discordo parcialmente","Discordo parcialmente","Concordo totalmente","Concordo totalmente","Concordo totalmente","Discordo totalmente","Discordo totalmente","Discordo totalmente","Concordo totalmente","Concordo totalmente","Concordo totalmente","Concordo totalmente","Concordo totalmente","Concordo totalmente","Concordo parcialmente","Concordo totalmente","Concordo totalmente","A forma como posso visualizar, atualizar ou copiar planejamento","As planilhas podem ser compartilhadas e a visualização geral nos permitir ter visão geral das outras disciplinas para aulas interdisciplinares.","Trabalho","Praticidade ","Agilidade ","","","","","","","","","","","","","","","","","","","","","","","","","","","","","","","","","","","","","","","","","","","","","","","","","","","","","","","","","","","","","","","","","","","","","Adaptação ","Adesão dos professores ","Facilitou a troca de informações ","Automatização das trocas favoráveis ","Não."
"2025/10/17 2:38:26 PM GMT-3","Professor","Mais de 10 anos","Ambos","Muito alto","10 ou mais turmas","13 ou mais diários","Não há um software, os planejamentos são feitos na mão","Discordo totalmente","Concordo parcialmente","Concordo totalmente","Discordo totalmente","Concordo parcialmente","Concordo totalmente","Discordo totalmente","Concordo parcialmente","Concordo totalmente","Discordo parcialmente","Concordo parcialmente","Concordo totalmente","Discordo totalmente","Discordo parcialmente","Concordo totalmente","","","Concordo totalmente","Concordo totalmente","Discordo parcialmente","Neutro/Indiferente","Concordo parcialmente","Concordo totalmente","Discordo totalmente","Concordo parcialmente","Concordo totalmente","Concordo totalmente","Discordo totalmente","Concordo totalmente","Concordo totalmente","Concordo parcialmente","Concordo totalmente","Discordo totalmente","Discordo parcialmente","Concordo totalmente","Concordo totalmente","Concordo totalmente","Concordo totalmente","Neutro/Indiferente","Concordo parcialmente","Concordo totalmente","Neutro/Indiferente","Concordo parcialmente","Concordo totalmente","Discordo parcialmente","Neutro/Indiferente","Concordo totalmente","Discordo totalmente","Discordo parcialmente","Concordo totalmente","Concordo parcialmente","Neutro/Indiferente","Concordo totalmente","Concordo totalmente","Discordo totalmente","Concordo totalmente","Neutro/Indiferente","Concordo parcialmente","Concordo totalmente","Discordo totalmente","Neutro/Indiferente","Concordo totalmente","PRIVACIDADE, NENHUM OUTRO PROFESSOR PODERÁ ENTRAR NA MINHA PLANILHA POR ENGANO OU DESCUIDO, COMO OCORRIA COM A PLANILIA ANTERIOR( QUE TBM ERA BOA SIM EM RELAÇÃO COM AS MANUAIS, ERA SIM UM AVANÇO MUITO ÚTIL.).","IDIRETAMENTE SIM PELO FATO DE PODERMOS OBSERVAR O ANDAMENTO DAQUILO QUE JÁ FOI DADO EO QUE AINDA NÃO FOI PASSADO, E PODENDO ALTERAR SEMPRE QUE POSSÍVEL, E ASSIM CHEGA AO ALUNO UM PRODUTO FINAL MAIS OBJETIVO TALVEZ!
","RETROCESSO.","RETROCESSO.","OBJETIVIDADE E CONFORTO","","","","","","","","","","","","","","","","","","","","","","","","","","","","","","","","","","","","","","","","","","","","","","","","","","","","","","","","","","","","","","","","","","","","","NÃO SE APLICA","NÃO SE APLICA","HÁ MAIS INTERAÇÃO, EU CREIO.","NÃO SE APLICA","NOTIFICAÇÃO"
"2025/10/17 3:26:10 PM GMT-3","Professor","Entre 2 e 5 anos","Ensino Médio","Alto","1 a 3 turmas","1 a 4 diários","Não leciono em outro lugar","Discordo totalmente","Concordo parcialmente","Concordo totalmente","Discordo parcialmente","Concordo parcialmente","Concordo totalmente","Discordo totalmente","Concordo parcialmente","Concordo totalmente","Discordo totalmente","Concordo parcialmente","Concordo totalmente","Discordo totalmente","Concordo parcialmente","Concordo totalmente","","","Concordo parcialmente","Concordo parcialmente","Concordo totalmente","Discordo parcialmente","Concordo parcialmente","Concordo totalmente","Discordo totalmente","Concordo parcialmente","Concordo totalmente","Discordo totalmente","Concordo parcialmente","Concordo totalmente","Discordo totalmente","Concordo parcialmente","Concordo totalmente","Discordo totalmente","Concordo parcialmente","Concordo totalmente","Discordo parcialmente","Concordo parcialmente","Concordo totalmente","Discordo totalmente","Concordo parcialmente","Concordo totalmente","Discordo totalmente","Concordo parcialmente","Concordo totalmente","Discordo totalmente","Concordo parcialmente","Concordo totalmente","Discordo totalmente","Concordo parcialmente","Concordo totalmente","Concordo parcialmente","Neutro/Indiferente","Discordo totalmente","Concordo parcialmente","Concordo parcialmente","Concordo totalmente","Discordo parcialmente","Concordo parcialmente","Concordo totalmente","Discordo totalmente","Concordo parcialmente","Concordo totalmente","Uma situação que se tornou muito mais simples com o novo Sistema de Planejamento foi o registro e acompanhamento dos planos de aula semanais. Antes, no método manual e nas planilhas, era necessário preencher vários campos repetidamente, revisar fórmulas e enviar documentos por e-mail à coordenação. Com o PlanningApp, o processo ficou automatizado: os campos são padronizados, o histórico é salvo automaticamente e o compartilhamento com a equipe pedagógica acontece em tempo real. Isso reduziu o tempo gasto, eliminou retrabalho e facilitou a atualização contínua das atividades, tornando o planejamento mais ágil e integrado à BNCC.","Sim. A organização proporcionada pelo novo Sistema de Planejamento impacta diretamente na qualidade do ensino, pois o professor passa a ter uma visão mais clara e integrada das habilidades e competências da BNCC, organizando as aulas de forma mais coerente e progressiva. Essa estrutura reduz falhas, evita repetições e garante uma sequência didática mais significativa. Indiretamente, os alunos são beneficiados por um ensino mais planejado, alinhado aos objetivos de aprendizagem e mais atento às suas reais necessidades. 
","Cansativo ","Esforços moderado ","Alívio ","","","","","","","","","","","","","","","","","","","","","","","","","","","","","","","","","","","","","","","","","","","","","","","","","","","","","","","","","","","","","","","","","","","","","O maior gargalo durante o uso das planilhas online era a falta de integração entre os arquivos e a dificuldade de atualização simultânea. Cada professor preenchia uma versão própria, o que gerava inconsistências, duplicidade de informações e atrasos na consolidação dos dados. Além disso, o acompanhamento exigia abertura manual de múltiplos documentos, dificultando a visão global do andamento pedagógico e tornando o processo de supervisão mais demorado e sujeito a erros.","O impacto mais significativo foi positivo, principalmente na otimização do tempo e na centralização das informações. ","O novo sistema transformou a dinâmica de feedback em um processo mais ágil, transparente e contínuo. Com o PlanningApp, as observações e correções podem ser inseridas diretamente na plataforma, permitindo que o professor visualize as orientações de forma imediata e interativa. Isso eliminou trocas extensas por e-mail e reduziu ruídos de comunicação. Além disso, o registro histórico dos comentários favoreceu o acompanhamento do progresso individual e coletivo, fortalecendo o diálogo pedagógico e o trabalho colaborativo entre gestão e corpo docente.","Os principais benefícios observados foram a automatização de tarefas administrativas, a facilidade na criação e atualização de turmas e a integração entre diferentes perfis de usuários (professores, coordenadores e supervisores). Essas funções reduziram o tempo gasto com cadastros e relatórios, permitindo foco maior nas questões pedagógicas.
Como desafio, destaca-se a necessidade inicial de capacitação dos usuários para melhor aproveitamento das ferramentas disponíveis, além de eventuais ajustes na interface para torná-la ainda mais intuitiva. No geral, os ganhos superam as dificuldades, reforçando a eficiência da gestão educacional.","Uma melhoria relevante seria a ampliação dos relatórios analíticos e dashboards personalizados, permitindo à equipe gestora acompanhar, em tempo real, indicadores de progresso, frequência de atualização dos planejamentos e alinhamento com as habilidades da BNCC.
Também seria interessante incluir notificações automáticas para alertar prazos de entrega e pendências, além de um espaço de mensagens diretas entre supervisão e professores, facilitando orientações rápidas e centralizadas dentro do próprio sistema.
"
"2025/10/18 5:37:41 PM GMT-3","Professor","Mais de 10 anos","Ambos","Médio","7 a 9 turmas","5 a 8 diários","Não há um software, os planejamentos são feitos na mão","Concordo parcialmente","Concordo parcialmente","Concordo totalmente","Concordo parcialmente","Concordo parcialmente","Concordo totalmente","Concordo parcialmente","Concordo parcialmente","Concordo totalmente","Concordo parcialmente","Concordo parcialmente","Concordo parcialmente","Concordo parcialmente","Concordo parcialmente","Concordo parcialmente","","","Concordo parcialmente","Concordo parcialmente","Concordo parcialmente","Concordo parcialmente","Concordo parcialmente","Concordo parcialmente","Concordo parcialmente","Concordo parcialmente","Concordo parcialmente","Concordo parcialmente","Concordo parcialmente","Concordo parcialmente","Concordo parcialmente","Concordo parcialmente","Concordo parcialmente","Concordo parcialmente","Concordo parcialmente","Concordo parcialmente","Concordo parcialmente","Concordo parcialmente","Concordo parcialmente","Concordo parcialmente","Concordo parcialmente","Concordo parcialmente","Concordo parcialmente","Concordo parcialmente","Concordo parcialmente","Concordo parcialmente","Concordo parcialmente","Concordo parcialmente","Concordo parcialmente","Concordo parcialmente","Concordo parcialmente","Concordo parcialmente","Concordo parcialmente","Concordo parcialmente","Concordo parcialmente","Concordo parcialmente","Concordo parcialmente","Concordo parcialmente","Concordo parcialmente","Concordo parcialmente","Concordo parcialmente","Concordo parcialmente","Concordo parcialmente","Com o novo sistema, é possível registrar, monitorar e atualizar todas as etapas em um único ambiente. Isso otimizou o tempo de trabalho e garantiu maior precisão no planejamento.","Sim. A organização proporcionada pelo Sistema de Planejamento beneficia os alunos indiretamente, pois otimiza o trabalho pedagógico e administrativo da escola.","‘desgastante’, pois exigia muito tempo, retrabalho e atenção constante para evitar erros.”","usar o método de planilhas, seria ‘trabalhoso’, pois demandava muito tempo para organizar, atualizar e conferir as informações manualmente.”","Sistema de Planejamento Online, seria ‘eficiência’, pois ele tornou as tarefas mais organizadas, rápidas e seguras, facilitando todo o processo de acompanhamento e execução do planejamento.”","","","","","","","","","","","","","","","","","","","","","","","","","","","","","","","","","","","","","","","","","","","","","","","","","","","","","","","","","","","","","","","","","","","","","Muitas vezes, as informações eram enviadas em momentos diferentes, com formatos variados, o que dificultava a consolidação dos dado era comum um apagar dados do outro.","foi a otimização do tempo e a melhoria na organização das informações.","O novo Sistema de Planejamento tornou a comunicação e o feedback com os professores mais ágeis, transparentes e organizados.","o novo Sistema de Planejamento trouxe benefícios significativos, especialmente em termos de agilidade, padronização e controle das informações. A criação de turmas passou a ser mais intuitiva e rápida,","Sim. Uma melhoria importante seria a ampliação dos relatórios e painéis (dashboards), permitindo visualizar de forma mais intuitiva o andamento dos planejamentos por turma, etapa e professor. Também seria útil incluir notificações automáticas para lembrar prazos de envio e revisão, além de filtros"
"2025/10/19 2:28:16 PM GMT-3","Professor","Mais de 10 anos","Ensino Médio","Alto","7 a 9 turmas","5 a 8 diários","Não leciono em outro lugar","Discordo totalmente","Discordo parcialmente","Concordo totalmente","Discordo totalmente","Discordo totalmente","Concordo parcialmente","Discordo totalmente","Neutro/Indiferente","Concordo totalmente","Discordo totalmente","Discordo totalmente","Concordo totalmente","Discordo totalmente","Discordo totalmente","Concordo parcialmente","","","Discordo totalmente","Discordo parcialmente","Concordo totalmente","Discordo totalmente","Neutro/Indiferente","Concordo totalmente","Discordo parcialmente","Discordo parcialmente","Concordo totalmente","Neutro/Indiferente","Discordo totalmente","Concordo totalmente","Discordo parcialmente","Discordo parcialmente","Concordo totalmente","Discordo totalmente","Discordo totalmente","Concordo totalmente","Discordo parcialmente","Discordo parcialmente","Concordo totalmente","Discordo totalmente","Discordo totalmente","Concordo totalmente","Discordo totalmente","Discordo parcialmente","Concordo totalmente","Discordo parcialmente","Discordo parcialmente","Concordo parcialmente","Concordo totalmente","Concordo parcialmente","Discordo parcialmente","Concordo totalmente","Concordo totalmente","Discordo totalmente","Discordo totalmente","Discordo totalmente","Concordo totalmente","Discordo totalmente","Discordo totalmente","Concordo totalmente","Discordo totalmente","Neutro/Indiferente","Concordo totalmente","Importar planejamento, evitando dessa forma a repetição de planejamentos para um mesmo nível de ensino.","Com certeza, pois o planejamento pode ser acompanhado em tempo real durante as aulas através do crohme book , oferecendo mais agilidade, contribuindo para um maior tempo de aprendizado pelos alunos.","cansaço","Agilidade","dúvidas","","","","","","","","","","","","","","","","","","","","","","","","","","","","","","","","","","","","","","","","","","","","","","","","","","","","","","","","","","","","","","","","","","","","","A confusão de conteúdos pelos professores.","Agilidade e acompanhamento em tempo real.","De forma positiva, sem necessidade de comunicação direta com o profissional.","Agilidade e praticidade. Os desafios forma a adaptação por parte dos profissionais.","Seria bacana se os professores recebessem notificações de anotações e vistos nos planos."
"2025/10/20 8:38:41 AM GMT-3","Supervisor","","","","","","","","","","","","","","","","","","","","","","","","","","","","","","","","","","","","","","","","","","","","","","","","","","","","","","","","","","","","","","","","","","","","","","","","","","","","Coordenador(a) / Supervisor(a) Pedagógico(a)","Entre 5 e 10 anos","Sim","Discordo parcialmente","Concordo parcialmente","Concordo totalmente","Discordo parcialmente","Concordo parcialmente","Concordo totalmente","Discordo parcialmente","Concordo parcialmente","Concordo totalmente","Discordo parcialmente","Concordo parcialmente","Concordo totalmente","Discordo parcialmente","Concordo parcialmente","Concordo totalmente","Concordo parcialmente","Concordo parcialmente","Concordo totalmente","Discordo parcialmente","Concordo parcialmente","Concordo totalmente","Discordo parcialmente","Concordo parcialmente","Concordo totalmente","Concordo parcialmente","Concordo parcialmente","Concordo totalmente","Concordo parcialmente","Concordo parcialmente","Concordo totalmente","Discordo parcialmente","Discordo parcialmente","Concordo totalmente","Concordo parcialmente","Concordo parcialmente","Concordo totalmente","Discordo parcialmente","Discordo parcialmente","Concordo parcialmente","Concordo parcialmente","Concordo parcialmente","Concordo totalmente","Concordo parcialmente","Concordo parcialmente","Concordo totalmente","Concordo parcialmente","Concordo parcialmente","Concordo totalmente","Discordo parcialmente","Concordo parcialmente","Concordo totalmente","Concordo parcialmente","Concordo parcialmente","Discordo parcialmente","Concordo parcialmente","Concordo parcialmente","Concordo totalmente","Concordo parcialmente","Concordo parcialmente","Concordo totalmente","Discordo parcialmente","Discordo parcialmente","Concordo parcialmente","Monitoramento e acompanhamento dos registros para intervenção no tempo certo, além da elaboração das planilhas.","Organização do trabalho e objetividade para realizar as intervenções. ","Agilidade e transparência nas ações uma vez que os registros nos permite intervir de forma precisa e pontual.","Facilidade e distribuição das turmas/disciplinas para a inserção dos dados de forma a monitorar e acompanhar todo o processo. ","Os professores relatam que não conseguem visualizar as mensagens que nós deixamos na aba visto sobre o que é preciso fazer (intervenção). Se proceder, teria como possibilitar que vejam, por favor?"
"2025/10/20 9:41:48 AM GMT-3","Professor","Mais de 10 anos","Ensino Médio","Médio","7 a 9 turmas","9 a 12 diários","Não leciono em outro lugar","Discordo totalmente","Concordo totalmente","Concordo totalmente","Discordo totalmente","Concordo totalmente","Concordo totalmente","Discordo totalmente","Concordo totalmente","Concordo totalmente","Discordo totalmente","Concordo totalmente","Concordo totalmente","Discordo totalmente","Concordo totalmente","Concordo totalmente","","","Discordo totalmente","Concordo totalmente","Concordo totalmente","Discordo totalmente","Concordo parcialmente","Concordo totalmente","Discordo totalmente","Concordo parcialmente","Concordo totalmente","Discordo totalmente","Concordo totalmente","Concordo totalmente","Concordo parcialmente","Concordo parcialmente","Concordo totalmente","Concordo parcialmente","Concordo parcialmente","Concordo totalmente","Discordo parcialmente","Concordo parcialmente","Concordo totalmente","Discordo totalmente","Concordo parcialmente","Concordo totalmente","Discordo totalmente","Discordo parcialmente","Discordo parcialmente","Concordo totalmente","Concordo totalmente","Concordo totalmente","Discordo totalmente","Concordo parcialmente","Concordo totalmente","Discordo totalmente","Concordo parcialmente","Concordo totalmente","Discordo parcialmente","Discordo parcialmente","Discordo parcialmente","Discordo totalmente","Discordo parcialmente","Discordo parcialmente","Discordo totalmente","Concordo totalmente","Concordo totalmente","","","","","","","","","","","","","","","","","","","","","","","","","","","","","","","","","","","","","","","","","","","","","","","","","","","","","","","","","","","","","","","","","","","","","","","","","","Aprender a manusear as planilhas...","Agilidade e otimização do tempo. ","Xxx","Xxx","Já está maravilhoso "
"2025/10/20 12:34:01 PM GMT-3","Professor","Entre 6 e 10 anos","Ambos","Médio","4 a 6 turmas","5 a 8 diários","Não leciono em outro lugar","Discordo totalmente","Concordo parcialmente","Concordo totalmente","Neutro/Indiferente","Concordo parcialmente","Concordo parcialmente","Neutro/Indiferente","Concordo parcialmente","Concordo parcialmente","Discordo totalmente","Discordo parcialmente","Discordo parcialmente","Discordo parcialmente","Concordo parcialmente","Concordo parcialmente","","","Discordo parcialmente","Concordo parcialmente","Concordo parcialmente","Discordo parcialmente","Concordo parcialmente","Concordo parcialmente","Discordo parcialmente","Concordo parcialmente","Concordo parcialmente","Discordo parcialmente","Neutro/Indiferente","Neutro/Indiferente","Discordo parcialmente","Concordo parcialmente","Concordo parcialmente","Discordo parcialmente","Concordo parcialmente","Concordo parcialmente","Discordo totalmente","Concordo parcialmente","Concordo parcialmente","Discordo parcialmente","Concordo parcialmente","Concordo parcialmente","Discordo totalmente","Concordo parcialmente","Concordo parcialmente","Discordo parcialmente","Concordo parcialmente","Concordo parcialmente","Discordo totalmente","Concordo parcialmente","Concordo parcialmente","Concordo parcialmente","Discordo parcialmente","Discordo parcialmente","Discordo parcialmente","Concordo parcialmente","Concordo parcialmente","Discordo parcialmente","Concordo parcialmente","Concordo parcialmente","Discordo parcialmente","Concordo parcialmente","Concordo parcialmente","Posso inserir o planejamento via celular, aproveitar o tempo livre.","Ao beneficiar os professores com mais agilidade no processo, isso repercutirá positivamente e diretamente aos alunos pelo planejamento e validação do resultado.","Muito mais serviço.","Buscando melhorias.","Excelente.","","","","","","","","","","","","","","","","","","","","","","","","","","","","","","","","","","","","","","","","","","","","","","","","","","","","","","","","","","","","","","","","","","","","","Esta pergunta é para a supervisão.","Esta pergunta é para a equipe gestora.","Não sei.","Não cabe a mim responder.","Não sei."
"2025/10/20 12:34:21 PM GMT-3","Professor","Entre 6 e 10 anos","Ambos","Muito alto","10 ou mais turmas","5 a 8 diários","Não leciono em outro lugar","Concordo parcialmente","Discordo parcialmente","Concordo totalmente","Discordo totalmente","Discordo totalmente","Concordo totalmente","Concordo totalmente","Concordo totalmente","Concordo totalmente","Concordo totalmente","Concordo totalmente","Concordo totalmente","Discordo totalmente","Discordo totalmente","Concordo totalmente","","","Concordo totalmente","Discordo parcialmente","Concordo totalmente","Concordo totalmente","Concordo totalmente","Concordo totalmente","Discordo totalmente","Concordo totalmente","Concordo totalmente","Discordo totalmente","Discordo totalmente","Concordo parcialmente","Concordo totalmente","Concordo totalmente","Concordo totalmente","Concordo parcialmente","Discordo parcialmente","Concordo totalmente","Discordo parcialmente","Concordo parcialmente","Concordo totalmente","Discordo parcialmente","Concordo parcialmente","Concordo totalmente","Neutro/Indiferente","Concordo totalmente","Concordo totalmente","Neutro/Indiferente","Neutro/Indiferente","Concordo totalmente","Discordo totalmente","Discordo totalmente","Discordo totalmente","Discordo totalmente","Discordo totalmente","Discordo totalmente","Concordo totalmente","Concordo totalmente","Concordo totalmente","Concordo totalmente","Neutro/Indiferente","Concordo totalmente","Neutro/Indiferente","Neutro/Indiferente","Neutro/Indiferente","A praticidade de importação ","Sim, maior agilidade para organizar e conseguir preparar melhor as aulas. ","Normal ","Um pouco mais facilitado ","Maior comodidade ","","","","","","","","","","","","","","","","","","","","","","","","","","","","","","","","","","","","","","","","","","","","","","","","","","","","","","","","","","","","","","","","","","","","","Não sou supervisor ","Como gestor de sala de aula, praticidade. ","Não diz respeitoso ao meu cargo ","Não tive ","Relatórios e notificações."
"2025/10/20 1:47:26 PM GMT-3","Professor","Entre 2 e 5 anos","Ambos","Médio","1 a 3 turmas","1 a 4 diários","Não leciono em outro lugar","Discordo totalmente","Discordo totalmente","Concordo totalmente","Discordo totalmente","Discordo totalmente","Concordo totalmente","Discordo totalmente","Discordo totalmente","Concordo totalmente","Discordo totalmente","Discordo parcialmente","Concordo totalmente","Discordo totalmente","Discordo totalmente","Concordo parcialmente","","","Discordo totalmente","Discordo totalmente","Concordo totalmente","Discordo totalmente","Discordo parcialmente","Concordo totalmente","Discordo parcialmente","Discordo parcialmente","Concordo totalmente","Discordo totalmente","Discordo parcialmente","Concordo totalmente","Discordo totalmente","Discordo totalmente","Concordo totalmente","Discordo parcialmente","Discordo parcialmente","Concordo totalmente","Discordo totalmente","Discordo parcialmente","Concordo totalmente","Discordo totalmente","Discordo totalmente","Concordo totalmente","Discordo totalmente","Discordo parcialmente","Concordo totalmente","Discordo totalmente","Discordo parcialmente","Concordo totalmente","Discordo totalmente","Discordo parcialmente","Concordo totalmente","Discordo parcialmente","Discordo parcialmente","Discordo parcialmente","Discordo parcialmente","Discordo parcialmente","Concordo totalmente","Discordo parcialmente","Discordo parcialmente","Concordo totalmente","Discordo parcialmente","Discordo parcialmente","Concordo totalmente","Acesso rápido ","Sim. Melhorando a qualidade de ensino ","Desgastante ","Complexo","Organizado","","","","","","","","","","","","","","","","","","","","","","","","","","","","","","","","","","","","","","","","","","","","","","","","","","","","","","","","","","","","","","","","","","","","","

Dificuldade em garantia atualização. ","Positivo: melhora da organização. Negativo: resistência a mudança ","Colaboração mais ativa","Melhora na comunicação ","Notificação personalizada"
"2025/10/20 1:55:17 PM GMT-3","Supervisor","","","","","","","","","","","","","","","","","","","","","","","","","","","","","","","","","","","","","","","","","","","","","","","","","","","","","","","","","","","","","","","","","","","","","","","","","","","","Coordenador(a) / Supervisor(a) Pedagógico(a)","Mais de 10 anos","Sim","Neutro/Indiferente","Neutro/Indiferente","Neutro/Indiferente","Concordo parcialmente","Concordo parcialmente","Concordo parcialmente","Discordo parcialmente","Neutro/Indiferente","Neutro/Indiferente","Discordo totalmente","Discordo parcialmente","Discordo parcialmente","Discordo totalmente","Discordo parcialmente","Discordo parcialmente","Discordo parcialmente","Neutro/Indiferente","Neutro/Indiferente","Discordo parcialmente","Neutro/Indiferente","Neutro/Indiferente","Discordo parcialmente","Neutro/Indiferente","Neutro/Indiferente","Discordo parcialmente","Neutro/Indiferente","Neutro/Indiferente","Discordo parcialmente","Neutro/Indiferente","Neutro/Indiferente","Discordo parcialmente","Neutro/Indiferente","Neutro/Indiferente","Discordo parcialmente","Neutro/Indiferente","Neutro/Indiferente","Discordo parcialmente","Neutro/Indiferente","Neutro/Indiferente","Concordo parcialmente","Neutro/Indiferente","Neutro/Indiferente","Discordo parcialmente","Neutro/Indiferente","Neutro/Indiferente","Discordo parcialmente","Neutro/Indiferente","Neutro/Indiferente","Discordo parcialmente","Neutro/Indiferente","Neutro/Indiferente","Discordo parcialmente","Neutro/Indiferente","Neutro/Indiferente","Discordo parcialmente","Neutro/Indiferente","Neutro/Indiferente","Concordo parcialmente","Neutro/Indiferente","Neutro/Indiferente","Concordo parcialmente","Neutro/Indiferente","Neutro/Indiferente","Entendimento por parte dos professores ","Organização do trabalho ","Tudo tinha prazo definido ","Benefícios:organização.           Desafio:Pontualidade nas entregas","Mais visualizações das atividades a serem corrigidas pelos professores "
"2025/10/20 10:44:11 PM GMT-3","Professor","Entre 6 e 10 anos","Ensino Fundamental","Médio","7 a 9 turmas","5 a 8 diários","Não leciono em outro lugar","Discordo totalmente","Discordo totalmente","Concordo parcialmente","Discordo totalmente","Discordo parcialmente","Concordo totalmente","Discordo totalmente","Discordo parcialmente","Concordo parcialmente","Discordo totalmente","Discordo parcialmente","Concordo totalmente","Discordo totalmente","Discordo totalmente","Concordo parcialmente","Entre 20 e 30 minutos","Entre 10 e 20 minutos","Discordo parcialmente","Discordo parcialmente","Concordo totalmente","Discordo parcialmente","Discordo parcialmente","Concordo totalmente","Discordo totalmente","Discordo totalmente","Concordo totalmente","Discordo parcialmente","Discordo parcialmente","Concordo totalmente","Discordo totalmente","Discordo totalmente","Concordo parcialmente","Discordo totalmente","Discordo totalmente","Concordo totalmente","Discordo totalmente","Discordo parcialmente","Concordo totalmente","Discordo parcialmente","Discordo parcialmente","Concordo totalmente","Discordo totalmente","Discordo parcialmente","Concordo totalmente","Discordo parcialmente","Discordo parcialmente","Concordo parcialmente","Discordo totalmente","Discordo totalmente","Concordo parcialmente","Concordo totalmente","Concordo totalmente","Discordo parcialmente","Concordo parcialmente","Discordo totalmente","Concordo totalmente","Concordo parcialmente","Discordo parcialmente","Concordo totalmente","Discordo totalmente","Discordo totalmente","Concordo parcialmente","Conseguir copiar o planejamento de turma para a outra.","Sim. No sentido que é possível fazer um planejamento mais rápido e assim sobra tempo para preparar aulas para os alunos.","Cansativo ","Difícil ","Facilidade ","Não ","Quando o Planejamento On-line começou, havia alguns erros que me deixava irritada, talvez também por falta de habilidade com o aplicativo. Mas com os devidos ajustes feitos, acabei gostando.","","","","","","","","","","","","","","","","","","","","","","","","","","","","","","","","","","","","","","","","","","","","","","","","","","","","","","","","","","","","","","","","","","","","","","",""
"2025/10/21 8:20:28 PM GMT-3","Supervisor","","","","","","","","","","","","","","","","","","","","","","","","","","","","","","","","","","","","","","","","","","","","","","","","","","","","","","","","","","","","","","","","","","","","","","","","","","","","Coordenador(a) / Supervisor(a) Pedagógico(a)","Mais de 10 anos","Sim","Discordo totalmente","Discordo totalmente","Concordo totalmente","Discordo totalmente","Discordo totalmente","Concordo totalmente","Discordo totalmente","Discordo totalmente","Concordo totalmente","Discordo totalmente","Discordo totalmente","Concordo totalmente","Concordo totalmente","Concordo totalmente","Discordo totalmente","Discordo totalmente","Discordo totalmente","Concordo totalmente","Discordo totalmente","Discordo totalmente","Concordo totalmente","Discordo totalmente","Discordo totalmente","Concordo totalmente","Discordo totalmente","Discordo totalmente","Concordo totalmente","Discordo totalmente","Discordo totalmente","Concordo totalmente","Discordo totalmente","Discordo totalmente","Concordo totalmente","Discordo totalmente","Discordo totalmente","Concordo totalmente","Discordo totalmente","Discordo totalmente","Concordo totalmente","Discordo totalmente","Discordo totalmente","Concordo totalmente","Discordo totalmente","Discordo totalmente","Concordo totalmente","Discordo totalmente","Discordo totalmente","Concordo totalmente","Discordo totalmente","Discordo totalmente","Concordo totalmente","Concordo totalmente","Concordo totalmente","Discordo totalmente","Discordo totalmente","Discordo totalmente","Concordo totalmente","Discordo totalmente","Discordo totalmente","Concordo totalmente","Discordo totalmente","Discordo totalmente","Concordo totalmente","As planilhas geraram insatisfação, uma vez que os professores faziam seus planejamentos utilizando a página de outro professor e a maioria dos professores perdiam os dados inseridos na planilha.","Trouxe a visão significativa dos planejamentos, podendo o supervisor a visão clara do que foi planejado,observando os instrumentos de avaliação, bem como as habilidades e competências previstas no CRMG.","O novo sistema tinha um espaço reservado que proporcionava um contato dinâmico e eficiente através de observações relatadas entre o superar o professor.","O principal desafio foi convencer os professores que o novo sistema era eficaz e maioria dos professores perceberam o benefício do APP.","Está tudo muito bem elaborado, sem sugestões."
"2025/10/26 9:39:59 AM GMT-3","Professor","Entre 6 e 10 anos","Ambos","Médio","7 a 9 turmas","9 a 12 diários","Não há um software, os planejamentos são feitos na mão","Discordo totalmente","Concordo parcialmente","Concordo totalmente","Discordo totalmente","Concordo parcialmente","Concordo totalmente","Discordo totalmente","Discordo totalmente","Concordo totalmente","Discordo totalmente","Neutro/Indiferente","Concordo totalmente","Concordo parcialmente","Neutro/Indiferente","Concordo totalmente","Entre 20 e 30 minutos","Entre 10 e 20 minutos","Concordo totalmente","Neutro/Indiferente","Concordo parcialmente","Neutro/Indiferente","Discordo parcialmente","Concordo totalmente","Neutro/Indiferente","Neutro/Indiferente","Neutro/Indiferente","Concordo parcialmente","Discordo totalmente","Concordo totalmente","Neutro/Indiferente","Neutro/Indiferente","Concordo parcialmente","Concordo parcialmente","Concordo parcialmente","Concordo totalmente","Concordo totalmente","Concordo parcialmente","Concordo totalmente","Discordo parcialmente","Neutro/Indiferente","Concordo totalmente","Discordo totalmente","Discordo parcialmente","Concordo totalmente","Concordo parcialmente","Concordo parcialmente","Concordo totalmente","Discordo parcialmente","Discordo totalmente","Concordo parcialmente","Concordo parcialmente","Concordo parcialmente","Neutro/Indiferente","Concordo totalmente","Concordo totalmente","Concordo totalmente","Concordo parcialmente","Concordo parcialmente","Concordo totalmente","Discordo totalmente","Concordo parcialmente","Concordo totalmente","Praticidade para acessar planejamentos antigos e de outros professores, turmas e facilidade de lançar um planejamento","Sim, indiretamente, quanto maior a qualidade do planejamento melhor as condições de aula","Trabalhoso","Confuso","Revolucionário","Notificações para avisar que nosso planejamento foi vistoriado","No início foi um pouco difícil entender mas depois de poucos usos tudo fluiu perfeitamente.","","","","","","","","","","","","","","","","","","","","","","","","","","","","","","","","","","","","","","","","","","","","","","","","","","","","","","","","","","","","","","","","","","","","","","",""
"2025/10/26 10:13:11 AM GMT-3","Professor","Mais de 10 anos","Ensino Fundamental","Baixo","4 a 6 turmas","1 a 4 diários","Não leciono em outro lugar","Concordo totalmente","Discordo totalmente","Concordo totalmente","Concordo totalmente","Discordo totalmente","Neutro/Indiferente","Neutro/Indiferente","Neutro/Indiferente","Neutro/Indiferente","Neutro/Indiferente","Discordo parcialmente","Neutro/Indiferente","Concordo totalmente","Concordo parcialmente","Concordo parcialmente","Mais de 45 minutos","Mais de 45 minutos","Concordo totalmente","Discordo totalmente","Discordo totalmente","Concordo totalmente","Concordo parcialmente","Concordo parcialmente","Concordo totalmente","Concordo totalmente","Concordo totalmente","Concordo totalmente","Discordo parcialmente","Concordo parcialmente","Concordo totalmente","Neutro/Indiferente","Neutro/Indiferente","Concordo totalmente","Discordo parcialmente","Concordo parcialmente","Neutro/Indiferente","Neutro/Indiferente","Neutro/Indiferente","Concordo parcialmente","Concordo parcialmente","Concordo totalmente","Concordo parcialmente","Concordo parcialmente","Concordo totalmente","Concordo totalmente","Neutro/Indiferente","Concordo parcialmente","Discordo totalmente","Discordo totalmente","Discordo totalmente","Discordo totalmente","Concordo totalmente","Concordo totalmente","Concordo totalmente","Concordo parcialmente","Concordo parcialmente","Concordo totalmente","Concordo parcialmente","Concordo totalmente","Neutro/Indiferente","Neutro/Indiferente","Neutro/Indiferente","Todo planejamento exige alta demanda de tempo. O planejar não consiste no ato de preencher planilhas e formulários e sim elaborar a aula propriamente dita.","Sim. ","O método manual vc consegue detectar falhas na evolução da aula e redirecionar sem perder o que já fora elaborado.","Pandemia massacre","Prático pra quem acompanha ","Não ","Continua com planilha disfarçado. ","","","","","","","","","","","","","","","","","","","","","","","","","","","","","","","","","","","","","","","","","","","","","","","","","","","","","","","","","","","","","","","","","","","","","","",""
"2025/10/26 10:20:59 AM GMT-3","Supervisor","","","","","","","","","","","","","","","","","","","","","","","","","","","","","","","","","","","","","","","","","","","","","","","","","","","","","","","","","","","","","","","","","","","","","","","","","","","","Coordenador(a) / Supervisor(a) Pedagógico(a)","Mais de 10 anos","Sim","Discordo totalmente","Discordo totalmente","Concordo totalmente","Discordo totalmente","Discordo totalmente","Concordo totalmente","Discordo totalmente","Discordo totalmente","Concordo totalmente","Discordo totalmente","Discordo totalmente","Concordo totalmente","Discordo totalmente","Discordo totalmente","Concordo totalmente","Discordo totalmente","Discordo totalmente","Concordo totalmente","Discordo parcialmente","Discordo totalmente","Concordo totalmente","Discordo parcialmente","Discordo totalmente","Concordo totalmente","Concordo parcialmente","Discordo totalmente","Concordo totalmente","Concordo parcialmente","Discordo totalmente","Concordo totalmente","Discordo parcialmente","Discordo totalmente","Concordo totalmente","Discordo parcialmente","Discordo totalmente","Concordo totalmente","Discordo totalmente","Discordo totalmente","Concordo totalmente","Concordo parcialmente","Discordo totalmente","Concordo totalmente","Discordo totalmente","Discordo totalmente","Concordo totalmente","Discordo totalmente","Discordo totalmente","Concordo totalmente","Discordo totalmente","Discordo totalmente","Concordo totalmente","Concordo totalmente","Concordo totalmente","Discordo totalmente","Discordo totalmente","Discordo totalmente","Concordo totalmente","Concordo parcialmente","Discordo totalmente","Concordo totalmente","Discordo totalmente","Discordo totalmente","Concordo totalmente","1.Reclamação exacerbada dos professores pela dificuldade real em saber usar a planilha e que precisavam de ajuda recorrentemente.
2. Resistência e solicitações dos professores para retornar ao uso do envio dos PLANOS DE AULA ATRAVÉS DE E-MAIL- que foi nosso segunda forma de organizar os planos de aulas, depois do uso do CADERNO DE PLANOS DE AULA.
3. Maior tempo utilizado na visualização dos Planos de Aula.
4. Maior dificuldade em fornecer o feedback e em fazer as intervenções necessárias.
5. Inviabilidade em otimizar o apoio que os professores requeriam decorrente da compartimentalização da ação de planejar as aulas dentro de um período semanal ou por tópico. ","Reduzir o tempo gasto para realizar tarefas burocráticas tanto para a Supervisão como para a Direção, além de  garantir o alinhamento dos planejamentos com a BNCC , CRMG, SAEB e outras diretrizes era um processo simples.","Propiciou e agilizou uma maior interação entre Supervisão e Professores e com isto a intervenção é feita em tempo real, o que realmente faz sentido para que haja o avanço esperado. 

Assim, temos em mãos, hoje, um instrumento que oportuniza um crescimento profissional coletivo e pessoal dos professores - que é um dos fatores fundamentais na base de fazer um escola de sucesso.","Apenas um servidor designado para esta ação executa tal tarefa em um tempo mínimo. E como no  sistema do App Planning nunca foram perdidos dados, o que ocorreu muito na implantação do DED- SEE, logo ganhou credibilidade e confiança dos professores.","1.Emissão de um relatório a cada bimestre, para condensar as intervenções ainda necessárias no novo ciclo(bimestre) ou parabenizar o servidor pelo desempenho nos Planos de Aula a cada bimestre.
2. Ainda que não seja anseio de um professor, oferecer um local onde pode anexar foto ou documento referente a uma aula dada.
"
"2025/10/26 10:46:40 AM GMT-3","Professor","Entre 6 e 10 anos","Ambos","Alto","4 a 6 turmas","5 a 8 diários","Não leciono em outro lugar","Discordo totalmente","Discordo parcialmente","Concordo totalmente","Concordo totalmente","Concordo parcialmente","Concordo totalmente","Concordo parcialmente","Concordo parcialmente","Concordo totalmente","Discordo totalmente","Concordo parcialmente","Concordo totalmente","Discordo totalmente","Discordo totalmente","Concordo parcialmente","Mais de 45 minutos","Mais de 45 minutos","Concordo parcialmente","Discordo parcialmente","Concordo totalmente","Concordo parcialmente","Discordo parcialmente","Concordo parcialmente","Concordo parcialmente","Neutro/Indiferente","Concordo parcialmente","Concordo parcialmente","Discordo totalmente","Concordo parcialmente","Concordo parcialmente","Concordo parcialmente","Concordo parcialmente","Discordo parcialmente","Discordo totalmente","Concordo parcialmente","Concordo parcialmente","Concordo parcialmente","Concordo totalmente","Concordo parcialmente","Concordo parcialmente","Concordo parcialmente","Discordo parcialmente","Concordo parcialmente","Concordo parcialmente","Concordo parcialmente","Concordo totalmente","Concordo totalmente","Discordo parcialmente","Discordo totalmente","Concordo parcialmente","Concordo parcialmente","Concordo parcialmente","Discordo parcialmente","Concordo parcialmente","Concordo parcialmente","Concordo parcialmente","Discordo parcialmente","Discordo parcialmente","Concordo parcialmente","Discordo parcialmente","Discordo parcialmente","Concordo parcialmente","Importar planejamentos.","Sim. Uma aula planejada flui bem melhor.","Cansativo","Estressante","Praticidade","Não.","Praticidade e organização","","","","","","","","","","","","","","","","","","","","","","","","","","","","","","","","","","","","","","","","","","","","","","","","","","","","","","","","","","","","","","","","","","","","","","",""
"2025/10/26 10:49:04 AM GMT-3","Professor","Mais de 10 anos","Ensino Médio","Médio","1 a 3 turmas","1 a 4 diários","Há um software para isso e é muito bom","Discordo totalmente","Concordo parcialmente","Concordo totalmente","Discordo totalmente","Concordo parcialmente","Concordo totalmente","Discordo parcialmente","Concordo parcialmente","Concordo totalmente","Discordo totalmente","Concordo parcialmente","Concordo totalmente","Discordo totalmente","Concordo parcialmente","Concordo totalmente","Mais de 45 minutos","Entre 30 e 45 minutos","Concordo parcialmente","Concordo parcialmente","Concordo totalmente","Discordo parcialmente","Concordo parcialmente","Concordo totalmente","Discordo totalmente","Concordo parcialmente","Concordo totalmente","Discordo totalmente","Concordo parcialmente","Concordo totalmente","Discordo totalmente","Concordo parcialmente","Concordo totalmente","Discordo totalmente","Concordo parcialmente","Concordo totalmente","Discordo totalmente","Concordo parcialmente","Concordo totalmente","Discordo totalmente","Concordo parcialmente","Concordo totalmente","Discordo totalmente","Concordo parcialmente","Concordo totalmente","Discordo totalmente","Concordo parcialmente","Concordo totalmente","Discordo totalmente","Concordo parcialmente","Concordo totalmente","Concordo parcialmente","Neutro/Indiferente","Discordo totalmente","Concordo parcialmente","Concordo parcialmente","Concordo totalmente","Discordo parcialmente","Concordo parcialmente","Concordo totalmente","Discordo totalmente","Concordo parcialmente","Concordo totalmente","Uma situação que se tornou muito mais simples com o novo Sistema de Planejamento foi o registro e acompanhamento dos planos de aula semanais. Antes, no método manual e nas planilhas, era necessário preencher vários campos repetidamente, revisar fórmulas e enviar documentos por e-mail à coordenação. Com o PlanningApp, o processo ficou automatizado: os campos são padronizados, o histórico é salvo automaticamente e o compartilhamento com a equipe pedagógica acontece em tempo real. Isso reduziu o tempo gasto, eliminou retrabalho e facilitou a atualização contínua das atividades, tornando o planejamento mais ágil e integrado à BNCC.","Pensando no impacto final do novo Sistema de Planejamento, percebo uma melhora significativa tanto na organização do trabalho docente quanto na qualidade do acompanhamento pedagógico. O PlanningApp reduziu a sobrecarga com tarefas burocráticas e ampliou o tempo disponível para o planejamento estratégico das aulas. Além disso, a facilidade de acesso remoto, o alinhamento automático com a BNCC e a possibilidade de colaboração entre professores fortaleceram a integração da equipe escolar. O sistema promoveu mais autonomia, clareza e segurança nos registros, refletindo diretamente em uma prática pedagógica mais eficiente, inovadora e centrada na aprendizagem dos estudantes","Cansaço ","Esforço moderado ","Alívio ","sugestão é a criação de notificações automáticas para lembrar prazos de envio, revisões solicitadas pela coordenação e atividades em atraso. Por fim, um espaço de anotações reflexivas — onde o professor possa registrar observações sobre o desenvolvimento das aulas e o aprendizado dos alunos — contribuiria para a construção de um planejamento mais crítico, autônomo e contínuo","O novo sistema de planejamento trouxe maior organização e integração pedagógica, facilitando a criação de planejamentos e o alinhamento com a BNCC. A gestão de turmas ficou mais prática e o acompanhamento das aulas mais visual e colaborativo. Como desafio, destaca-se a adaptação inicial dos docentes, superada com o uso contínuo da plataforma, que se mostrou eficiente e pedagógica.","","","","","","","","","","","","","","","","","","","","","","","","","","","","","","","","","","","","","","","","","","","","","","","","","","","","","","","","","","","","","","","","","","","","","","",""
"2025/10/26 10:55:22 AM GMT-3","Professor","Mais de 10 anos","Ambos","Médio","7 a 9 turmas","5 a 8 diários","Não leciono em outro lugar","Discordo totalmente","Discordo parcialmente","Concordo totalmente","Discordo totalmente","Discordo parcialmente","Concordo totalmente","Discordo parcialmente","Concordo parcialmente","Concordo totalmente","Concordo totalmente","Concordo parcialmente","Discordo totalmente","Discordo totalmente","Discordo parcialmente","Concordo totalmente","Mais de 45 minutos","Mais de 45 minutos","Discordo parcialmente","Discordo parcialmente","Concordo totalmente","Discordo parcialmente","Discordo parcialmente","Concordo totalmente","Discordo totalmente","Discordo totalmente","Concordo totalmente","Concordo totalmente","Discordo totalmente","Concordo totalmente","Concordo parcialmente","Discordo totalmente","Concordo totalmente","Concordo totalmente","Discordo totalmente","Concordo totalmente","Discordo totalmente","Discordo totalmente","Concordo totalmente","Discordo totalmente","Discordo totalmente","Concordo totalmente","Discordo totalmente","Discordo totalmente","Concordo totalmente","Discordo totalmente","Discordo totalmente","Concordo totalmente","Discordo totalmente","Discordo totalmente","Concordo totalmente","Concordo parcialmente","Concordo totalmente","Discordo totalmente","Concordo parcialmente","Discordo totalmente","Concordo totalmente","Discordo totalmente","Discordo totalmente","Concordo totalmente","Discordo totalmente","Discordo totalmente","Concordo totalmente","1. Otimização de tempo em selecionar as habilidades, tarefas de casa a ser dada e proposição de metas curtas e claras aos alunos, por grupo de  diferentes níveis dentro de cada calasse.
","Sim. Não tratamos todos os alunos com se estivessem no mesmo ""pacote"", pois como o Plano de AULA é bem feito, fica bem claro para alunos e pais o que cada um precisa alcançar dentro de determinado período.","EXAUSTÃO","IMPROVÁVEL","AVANÇO","NOTIFICAÇÕES","Receber feed-back da equipe gestora, otimização do meu tempo, ampliação da minha visão sobretudo nas turmas onde fazem saeb, pism e enem e a possibilidade de importar o pdf para impressão que permite eu organizar meus planos em uma pasta física, dentre outros.","","","","","","","","","","","","","","","","","","","","","","","","","","","","","","","","","","","","","","","","","","","","","","","","","","","","","","","","","","","","","","","","","","","","","","",""
"2025/10/26 11:11:28 AM GMT-3","Professor","Mais de 10 anos","Ensino Médio","Médio","4 a 6 turmas","1 a 4 diários","","Discordo parcialmente","Discordo parcialmente","Concordo parcialmente","Discordo totalmente","Concordo parcialmente","Concordo parcialmente","Concordo totalmente","Concordo parcialmente","Concordo parcialmente","Concordo parcialmente","Concordo parcialmente","Concordo parcialmente","Discordo totalmente","Discordo parcialmente","Discordo parcialmente","Mais de 45 minutos","Entre 10 e 20 minutos","Concordo parcialmente","Concordo parcialmente","Concordo parcialmente","Concordo parcialmente","Concordo parcialmente","Concordo parcialmente","Discordo totalmente","Concordo parcialmente","Concordo parcialmente","Concordo totalmente","Concordo parcialmente","Concordo parcialmente","Concordo totalmente","Concordo parcialmente","Concordo parcialmente","Concordo parcialmente","Concordo parcialmente","Concordo parcialmente","Concordo parcialmente","Concordo parcialmente","Concordo parcialmente","Concordo parcialmente","Concordo parcialmente","Concordo parcialmente","Discordo parcialmente","Concordo parcialmente","Concordo parcialmente","Discordo parcialmente","Concordo parcialmente","Concordo parcialmente","Discordo parcialmente","Concordo parcialmente","Concordo parcialmente","Concordo parcialmente","Concordo parcialmente","Concordo parcialmente","Concordo parcialmente","Concordo parcialmente","Concordo parcialmente","Concordo parcialmente","Concordo parcialmente","Concordo parcialmente","Concordo parcialmente","Concordo parcialmente","Concordo parcialmente","Ver todo o planejamento em uma única página.","Sim. Por ter uma visão geral de todo conteúdo ministrado.","Frustração","Inovação","Inovação","Não","Benefício de ter uma visão geral da matéria ministrada no período.","","","","","","","","","","","","","","","","","","","","","","","","","","","","","","","","","","","","","","","","","","","","","","","","","","","","","","","","","","","","","","","","","","","","","","",""
"2025/10/26 12:00:21 PM GMT-3","Professor","Mais de 10 anos","Ambos","Médio","10 ou mais turmas","9 a 12 diários","Não há um software, os planejamentos são feitos em uma planilha do Google ou similar.","Discordo parcialmente","Discordo parcialmente","Discordo parcialmente","Concordo totalmente","Discordo parcialmente","Discordo parcialmente","Concordo totalmente","Discordo parcialmente","Discordo parcialmente","Discordo totalmente","Concordo totalmente","Concordo totalmente","Discordo totalmente","Concordo totalmente","Concordo totalmente","Entre 10 e 20 minutos","Entre 20 e 30 minutos","Concordo totalmente","Discordo parcialmente","Discordo parcialmente","Concordo totalmente","Discordo parcialmente","Discordo parcialmente","Concordo totalmente","Discordo parcialmente","Discordo parcialmente","Concordo totalmente","Discordo parcialmente","Discordo parcialmente","Concordo totalmente","Concordo totalmente","Concordo totalmente","Concordo totalmente","Discordo parcialmente","Discordo parcialmente","Concordo totalmente","Concordo totalmente","Concordo totalmente","Concordo totalmente","Concordo totalmente","Concordo totalmente","Discordo parcialmente","Concordo totalmente","Concordo totalmente","Concordo totalmente","Concordo totalmente","Concordo totalmente","Concordo totalmente","Discordo parcialmente","Discordo parcialmente","Discordo totalmente","Concordo totalmente","Concordo totalmente","Concordo totalmente","Discordo parcialmente","Discordo parcialmente","Concordo totalmente","Discordo parcialmente","Discordo parcialmente","Concordo totalmente","Discordo parcialmente","Discordo parcialmente","Pra mim, nenhuma.","É mais difícil de usar, demandando mais tempo pra transferir pra planilha um planejamento que já vem pronto. Com isso, o professor tem menos tempo pra dedicar as aulas.","Praticidade.","Dificuldade.","Dificuldade.","Um método que o colega não possa copiar o seu e também não pudesse mexer no que você fez.","Dificuldades de uso.","","","","","","","","","","","","","","","","","","","","","","","","","","","","","","","","","","","","","","","","","","","","","","","","","","","","","","","","","","","","","","","","","","","","","","",""
"2025/10/26 12:39:26 PM GMT-3","Professor","Entre 2 e 5 anos","Ensino Fundamental","Médio","1 a 3 turmas","1 a 4 diários","Não leciono em outro lugar","Concordo parcialmente","Discordo parcialmente","Concordo totalmente","Discordo parcialmente","Discordo totalmente","Concordo totalmente","Neutro/Indiferente","Concordo parcialmente","Concordo totalmente","Concordo parcialmente","Concordo parcialmente","Concordo totalmente","Discordo parcialmente","Concordo parcialmente","Concordo totalmente","Entre 30 e 45 minutos","Entre 20 e 30 minutos","Discordo parcialmente","Discordo totalmente","Concordo parcialmente","Neutro/Indiferente","Discordo parcialmente","Concordo totalmente","Neutro/Indiferente","Discordo totalmente","Concordo parcialmente","Concordo totalmente","Discordo totalmente","Discordo parcialmente","Neutro/Indiferente","Discordo totalmente","Concordo totalmente","Concordo parcialmente","Discordo totalmente","Concordo parcialmente","Neutro/Indiferente","Discordo totalmente","Concordo totalmente","Concordo parcialmente","Concordo parcialmente","Discordo totalmente","Concordo parcialmente","Concordo totalmente","Concordo parcialmente","Concordo parcialmente","Concordo parcialmente","Concordo totalmente","Concordo parcialmente","Discordo totalmente","Concordo parcialmente","Neutro/Indiferente","Concordo totalmente","Neutro/Indiferente","Concordo totalmente","Discordo parcialmente","Concordo parcialmente","Discordo parcialmente","Discordo parcialmente","Concordo totalmente","Concordo parcialmente","Discordo totalmente","Concordo totalmente","A construção do PDI","Sim. Através da organização dos professores com o plano de aulas os alunos automaticamente são beneficiados","Demorado, porém fácil ","Difícil demais ","Prático e rápido ","Não ","Benefícios: A construção do PDI se tornou mais tranquila,  pois não preciso recorrer aos professores pessoalmente para pedir planejamento. ","","","","","","","","","","","","","","","","","","","","","","","","","","","","","","","","","","","","","","","","","","","","","","","","","","","","","","","","","","","","","","","","","","","","","","",""
"2025/10/26 12:39:53 PM GMT-3","Professor","Mais de 10 anos","Ambos","Médio","10 ou mais turmas","9 a 12 diários","Não leciono em outro lugar","Discordo parcialmente","Discordo parcialmente","Discordo parcialmente","Discordo parcialmente","Discordo parcialmente","Discordo parcialmente","Discordo parcialmente","Discordo parcialmente","Discordo totalmente","Discordo parcialmente","Discordo parcialmente","Discordo parcialmente","Discordo totalmente","Discordo parcialmente","Discordo parcialmente","Mais de 45 minutos","Entre 20 e 30 minutos","Discordo parcialmente","Discordo parcialmente","Discordo totalmente","Discordo parcialmente","Discordo parcialmente","Discordo parcialmente","Discordo totalmente","Discordo parcialmente","Discordo parcialmente","Discordo parcialmente","Discordo totalmente","Discordo totalmente","Discordo parcialmente","Discordo parcialmente","Discordo parcialmente","Discordo parcialmente","Discordo parcialmente","Discordo parcialmente","Discordo parcialmente","Discordo parcialmente","Discordo parcialmente","Discordo parcialmente","Discordo parcialmente","Discordo parcialmente","Discordo parcialmente","Discordo parcialmente","Discordo totalmente","Discordo parcialmente","Discordo parcialmente","Discordo parcialmente","Discordo totalmente","Discordo parcialmente","Discordo parcialmente","Discordo totalmente","Discordo parcialmente","Discordo parcialmente","Discordo parcialmente","Discordo parcialmente","Discordo parcialmente","Discordo parcialmente","Discordo parcialmente","Discordo parcialmente","Discordo totalmente","Discordo parcialmente","Discordo parcialmente","Visão geral dos tópicos  de um planejamento em uma única página.  ","","Cansativo","Válido ","Desafiador","Chat com inteligência artificial que solucione dúvidas em tempo real.","Inserir espaços, copiar e colar tópicos. ","","","","","","","","","","","","","","","","","","","","","","","","","","","","","","","","","","","","","","","","","","","","","","","","","","","","","","","","","","","","","","","","","","","","","","",""
"2025/10/26 12:56:54 PM GMT-3","Professor","Mais de 10 anos","Ensino Fundamental","Médio","4 a 6 turmas","1 a 4 diários","Não leciono em outro lugar","Discordo totalmente","Discordo totalmente","Discordo parcialmente","Discordo totalmente","Discordo totalmente","Discordo parcialmente","Discordo totalmente","Discordo totalmente","Discordo parcialmente","Discordo totalmente","Discordo totalmente","Discordo parcialmente","Discordo totalmente","Discordo totalmente","Discordo totalmente","Entre 30 e 45 minutos","Entre 20 e 30 minutos","Discordo totalmente","Discordo totalmente","Discordo parcialmente","Discordo totalmente","Discordo totalmente","Discordo parcialmente","Discordo totalmente","Discordo totalmente","Discordo parcialmente","Discordo totalmente","Discordo totalmente","Discordo parcialmente","Discordo totalmente","Discordo totalmente","Discordo parcialmente","Discordo totalmente","Discordo totalmente","Discordo parcialmente","Discordo totalmente","Discordo totalmente","Discordo parcialmente","Discordo totalmente","Discordo totalmente","Discordo parcialmente","Discordo totalmente","Discordo totalmente","Discordo parcialmente","Discordo totalmente","Discordo totalmente","Discordo parcialmente","Discordo totalmente","Discordo totalmente","Discordo parcialmente","Discordo totalmente","Discordo totalmente","Discordo parcialmente","Discordo totalmente","Discordo totalmente","Discordo parcialmente","Discordo totalmente","Discordo totalmente","Discordo parcialmente","Discordo totalmente","Discordo totalmente","Discordo parcialmente","Poder rever cada conteúdo no menor tempo possível.","Sim,ter uma sequência pedagogica","Prático ","Desânimo ","Eficiência ","Atende a demandao","O tempo ","","","","","","","","","","","","","","","","","","","","","","","","","","","","","","","","","","","","","","","","","","","","","","","","","","","","","","","","","","","","","","","","","","","","","","",""
"2025/10/26 2:30:39 PM GMT-3","Professor","Mais de 10 anos","Ensino Médio","Alto","7 a 9 turmas","1 a 4 diários","Não há um software, os planejamentos são feitos na mão","Concordo parcialmente","Discordo totalmente","Concordo parcialmente","Discordo totalmente","Discordo totalmente","Concordo totalmente","Discordo parcialmente","Discordo totalmente","Concordo totalmente","Discordo parcialmente","Discordo totalmente","Concordo parcialmente","Discordo totalmente","Discordo totalmente","Concordo parcialmente","Mais de 45 minutos","Entre 30 e 45 minutos","Concordo totalmente","Discordo totalmente","Concordo parcialmente","Discordo totalmente","Discordo totalmente","Concordo parcialmente","Discordo totalmente","Discordo totalmente","Concordo parcialmente","Discordo parcialmente","Discordo totalmente","Concordo totalmente","Neutro/Indiferente","Discordo totalmente","Concordo totalmente","Discordo totalmente","Discordo totalmente","Concordo parcialmente","Discordo totalmente","Discordo totalmente","Concordo totalmente","Discordo totalmente","Discordo totalmente","Concordo parcialmente","Discordo totalmente","Discordo totalmente","Concordo totalmente","Discordo parcialmente","Discordo totalmente","Concordo parcialmente","Concordo parcialmente","Discordo totalmente","Concordo totalmente","Concordo parcialmente","Concordo totalmente","Discordo parcialmente","Concordo parcialmente","Discordo totalmente","Concordo parcialmente","Concordo parcialmente","Discordo totalmente","Concordo totalmente","Discordo parcialmente","Discordo totalmente","Concordo parcialmente","O MÉTODO PERMITE QUE DE FORMA SIMPLES EU ACOMPANHE O CRMG E NÃO TENHA UM PLANO DE ENSINO TODO RISCADO.POSSO ""DESINGESSAR"" MEU PLANO DE AULA A QUALQUER MOMENTO,POIS AS FERRAMENTAS ME PERMITEM MODIFICAR O QUE JÁ HAVIA PLANEJADO.","SIM.SE DISPONHO DE POUCO TEMPO PARA PLANEJAR MINHAS AULAS,E O PLANEJAMENTO VEM ACOMPANHADO DE EFICIÊNCIA,MINHAS AULAS ESTARÃO MAIS ELABORADAS E ORGANIZADAS,IMPACTANTO DESTA FORMA NA APRENDIZAGEM DO MEU ALUNO.","OBSOLETO.","ÓDIO.","ESPERANÇA.","ACHO QUE PODERÍAMOS TER MAIS CORES E TORNAR O SISTEMA MAIS INTERATIVO.","BENEFÍCIOS: - GANHO DE TEMPO. - FACILIDADE DE ACESSO. - VISÃO GERAL DE QUAIS CONTEÚDOS ESTÃO SENDO USADOS PELOS MEUS COLEGAS DA MINHA ÁREA DE ATAÇÃO. DESAFIOS: - ALIMENTAR O SISTEMA NO TEMPO HÁBIL DA CORREÇÃO. - VISUALIZAR MEUS CONTEÚDOS EM UMA ÚNICA PÁGINA. - VER MEUS ERROS DE PORTUGUÊS MARCADOS PARA ME SENTIR SEGURA COM RELAÇÃO A MINHA ESCRITA.","","","","","","","","","","","","","","","","","","","","","","","","","","","","","","","","","","","","","","","","","","","","","","","","","","","","","","","","","","","","","","","","","","","","","","",""
"2025/10/27 12:06:00 AM GMT-3","Professor","Mais de 10 anos","Ensino Fundamental","Médio","4 a 6 turmas","5 a 8 diários","Não leciono em outro lugar","Discordo totalmente","Concordo parcialmente","Concordo totalmente","Discordo parcialmente","Concordo parcialmente","Concordo totalmente","Discordo parcialmente","Concordo parcialmente","Concordo totalmente","Discordo parcialmente","Concordo parcialmente","Concordo totalmente","Discordo parcialmente","Concordo parcialmente","Concordo totalmente","Mais de 45 minutos","Entre 10 e 20 minutos","Neutro/Indiferente","Concordo parcialmente","Concordo parcialmente","Neutro/Indiferente","Concordo parcialmente","Concordo parcialmente","Concordo parcialmente","Concordo totalmente","Concordo totalmente","Concordo parcialmente","Concordo totalmente","Concordo totalmente","Concordo parcialmente","Concordo parcialmente","Concordo parcialmente","Neutro/Indiferente","Concordo parcialmente","Concordo parcialmente","Neutro/Indiferente","Concordo parcialmente","Concordo parcialmente","Neutro/Indiferente","Concordo parcialmente","Concordo parcialmente","Discordo parcialmente","Concordo parcialmente","Concordo parcialmente","Concordo parcialmente","Concordo totalmente","Concordo totalmente","Discordo parcialmente","Concordo parcialmente","Concordo parcialmente","Discordo parcialmente","Discordo parcialmente","Neutro/Indiferente","Neutro/Indiferente","Concordo parcialmente","Concordo parcialmente","Neutro/Indiferente","Concordo parcialmente","Concordo parcialmente","Discordo parcialmente","Concordo parcialmente","Concordo totalmente","","","","","","","","","","","","","","","","","","","","","","","","","","","","","","","","","","","","","","","","","","","","","","","","","","","","","","","","","","","","","","","","","","","","","","","","","","","","","",""
"2025/10/27 12:32:29 PM GMT-3","Professor","Mais de 10 anos","Ensino Fundamental","Alto","4 a 6 turmas","5 a 8 diários","Não há um software, os planejamentos são feitos em uma planilha do Google ou similar.","Discordo totalmente","Concordo parcialmente","Concordo parcialmente","Discordo totalmente","Concordo parcialmente","Concordo parcialmente","Discordo totalmente","Concordo parcialmente","Concordo parcialmente","Concordo parcialmente","Concordo parcialmente","Discordo totalmente","Discordo parcialmente","Concordo parcialmente","Concordo parcialmente","Menos de 10 minutos","Menos de 10 minutos","Concordo parcialmente","Concordo parcialmente","Concordo parcialmente","Concordo parcialmente","Concordo parcialmente","Concordo parcialmente","Discordo totalmente","Concordo parcialmente","Concordo parcialmente","Discordo totalmente","Concordo parcialmente","Concordo parcialmente","Concordo totalmente","Discordo parcialmente","Discordo parcialmente","Concordo parcialmente","Concordo parcialmente","Discordo totalmente","Concordo parcialmente","Concordo parcialmente","Concordo parcialmente","Concordo parcialmente","Concordo parcialmente","Concordo parcialmente","Concordo parcialmente","Concordo parcialmente","Concordo parcialmente","Discordo parcialmente","Discordo parcialmente","Discordo parcialmente","Concordo parcialmente","Concordo parcialmente","Concordo parcialmente","Concordo parcialmente","Concordo parcialmente","Concordo parcialmente","Concordo parcialmente","Concordo parcialmente","Concordo parcialmente","Concordo parcialmente","Concordo parcialmente","Concordo parcialmente","Neutro/Indiferente","Neutro/Indiferente","Neutro/Indiferente","Não achei que facilitou","Não ","Retrógrado ","Médio. Prefiro a simplicidade do world","Segurança. (Apenas)","Deveria ter uma opção de edição ","Espero mais facilidade. É bom. Mas pode melhorar.","","","","","","","","","","","","","","","","","","","","","","","","","","","","","","","","","","","","","","","","","","","","","","","","","","","","","","","","","","","","","","","","","","","","","","",""